{"object":{"uuid":"522A645F-C81D-4A95-84A0-FCC8680F5DE9","objectType":"Scene","name":"Library - Primitives","matrix":[1,0,0,0,0,1,0,0,0,0,1,0,0,0,0,1],"layers":1,"children":[{"uuid":"65DF058F-FA10-479C-A07B-50A3B9B22B63","type":"HemisphereLight","name":"Default Ambient Light","userData":{"isDefaultHemisphereLight":true},"layers":1,"matrix":[1,0,0,0,0,1,0,0,0,0,1,0,-0.5,0.75,-1,1],"color":13882323,"intensity":0.75,"groundColor":8553090},{"uuid":"7577FD5C-A003-40D7-8458-608944ACCC7C","objectType":"CombinedCamera","name":"Default Camera","matrix":[1,0,3.801256356353821e-78,0,2.3275982147736188e-94,1,-6.123233995736766e-17,0,-3.801256356353821e-78,6.123233995736766e-17,1,0,-3.801256356353821e-75,6.123233995736766e-14,1000,1],"layers":1,"userData":{"activeCamera":true},"children":[{"uuid":"D6B796B3-B924-4712-B327-2D18F9AA9276","type":"DirectionalLight","name":"Default Directional Light","layers":1,"matrix":[1,0,0,0,0,1,0,0,0,0,1,0,850000,1300000,1000000,1],"color":16777215,"intensity":0.75,"shadow":{"camera":{"uuid":"19944E7F-2B61-4BEA-A717-89217B6B7A75","type":"OrthographicCamera","layers":1,"zoom":1,"left":-5,"right":5,"top":5,"bottom":-5,"near":0.5,"far":500}}}],"hiddenMatrix":[1,0,0,0,0,1,0,0,0,0,1,0,0,0,0,1],"interaction":{"uuid":"36A84157-261D-481E-A678-087A56CE7E4F"},"enableHelper":false,"cameraType":"OrthographicCamera","targetOffset":1000,"isUpVectorFlipped":false,"angleOffsetFromUp":0,"left":-960,"right":960,"top":487.5,"bottom":-487.5,"zoomOrtho":0.6400000000000001,"nearOrtho":-50000,"far":100000,"aspect":1.9692307692307693,"fov":45,"focus":10,"filmGauge":35,"filmOffset":0,"zoomPersp":1,"nearPersp":0.1},{"uuid":"B9CE65B8-F8C3-429D-A69C-FF76F20E5092","objectType":"Mesh3D","name":"Cube","matrix":[0.8824027833454844,0.06307973474332824,0.4662470107237712,0,-0.25158933574127385,0.9006531286655868,0.35429754157509213,0,-0.39757783399657215,-0.42993591253767227,0.8106090161261428,0,10.530741571527145,4.841280880194262,139.2736688050584,1],"castShadow":true,"receiveShadow":true,"layers":1,"userData":{"positionToCenter":{"x":0,"y":0,"z":0}},"hiddenMatrix":[1,0,0,0,0,1,0,0,0,0,1,0,0,0,0,1],"interaction":{"uuid":"054F5266-E742-4680-AEDD-305156F092FA","selectedState":0,"states":["75077361-FDAE-4B5F-A628-C04D5BA717BC","5879D7A9-A1DB-4CCE-A70B-12F340D2D91D"],"events":[{"type":2,"ui":{"isCollapsed":false},"targets":[{"easing":6,"duration":500,"delay":0,"cubicControls":[0.5,0.05,0.1,0.3],"springParameters":{"mass":1,"stiffness":80,"damping":10,"velocity":0},"object":"B9CE65B8-F8C3-429D-A69C-FF76F20E5092","state":"5879D7A9-A1DB-4CCE-A70B-12F340D2D91D"}]}]},"geometry":"11A3CE6F-9D7A-46F3-90C6-A294C227F586","material":"321EFA93-A1E7-4CA8-A076-200B365B9438"}],"activeCamera":"7577FD5C-A003-40D7-8458-608944ACCC7C","camera":"7577FD5C-A003-40D7-8458-608944ACCC7C","directionalLight":"D6B796B3-B924-4712-B327-2D18F9AA9276","ambientLight":"65DF058F-FA10-479C-A07B-50A3B9B22B63","color":[0.9686274509803922,0.9647058823529412,0.9568627450980393],"alpha":0,"directionalLightState":true,"ambientLightState":true,"canvas":{"mode":2,"editorSize":{"width":1920,"height":975},"color":[0,0,0,0.5],"size":{"width":1920,"height":975}},"postprocessing":{"enabled":false,"bloom":{"enabled":false,"opacity":1,"blendFunction":16,"intensity":1,"luminanceThreshold":0.9,"luminanceSmoothing":0.025,"blurScale":1,"kernelSize":3},"chromaticAberration":{"enabled":false,"opacity":1,"blendFunction":13,"offset":[10,10]},"vignette":{"enabled":false,"opacity":1,"blendFunction":13,"eskil":false,"darkness":0.5,"offset":0.5},"noise":{"enabled":false,"opacity":1,"blendFunction":14},"colorAverage":{"enabled":false,"opacity":1,"blendFunction":13},"hueSaturation":{"enabled":false,"opacity":1,"blendFunction":13,"_hue":0,"hue":0,"saturation":0},"brightnessContrast":{"enabled":false,"opacity":1,"blendFunction":13,"contrast":0,"brightness":0},"depthOfField":{"enabled":false,"opacity":1,"blendFunction":13,"focalLength":0.1,"focusDistance":0,"bokehScale":1},"pixelation":{"enabled":false,"opacity":1,"blendFunction":13,"granularity":30}}},"metadata":{"version":1.5,"type":"Object","generator":"Object3D.toJSON"},"geometries":[{"uuid":"11A3CE6F-9D7A-46F3-90C6-A294C227F586","userData":{"parameters":{"width":185,"widthSegments":1,"heightSegments":1,"depthSegments":1,"cornerRadius":24,"cornerSegments":16,"height":185,"depth":185,"extrudeDepth":0,"extrudeBevelSize":0,"extrudeBevelSegments":1},"type":"CubeGeometry"}}],"materials":[{"uuid":"321EFA93-A1E7-4CA8-A076-200B365B9438","type":"ShaderMaterial","emissiveIntensity":{"uuid":"1647227F-1A1A-4D0A-95D4-6D3F33B6D92F","type":"f","value":1,"nodeType":"Float"},"transparent":true,"depthFunc":3,"depthTest":true,"depthWrite":true,"colorWrite":true,"stencilWrite":false,"stencilWriteMask":255,"stencilFunc":519,"stencilRef":0,"stencilFuncMask":255,"stencilFail":7680,"stencilZFail":7680,"stencilZPass":7680,"dithering":true,"wireframeLinecap":"","wireframeLinejoin":"","userData":{"type":"LambertMaterial","category":"Lambert","nodeType":"LambertNodeMaterial","layers":{"id":2,"uuid":"A260FC19-29D9-4C12-8A55-4B8E55B1B237","head":{"id":0,"type":"color","defines":{},"uniforms":{"f0_color":"E753A617-C50A-449D-BDD0-0295810E4B48","f0_alpha":"AB4FB008-6212-4F71-ABC7-F3EF4EFFCA39","f0_mode":"59778349-6B82-48BE-A813-D823F655A166"},"next":{"id":1,"type":"light","defines":{},"uniforms":{"f1_alpha":"31318F89-6C08-4190-AEE2-602EC8F27BDA","f1_mode":"D623561F-A75A-4196-AF17-B73176613B1C","f1_emissive":"3649FDF7-6060-4100-A6B4-21847C92008E"}}}}},"glslVersion":null,"defines":{"LAMBERT":1},"extensions":{"derivatives":true},"vertex":"E8E80359-53A4-4F6F-A08A-23068297DCA8","fragment":"E8E80359-53A4-4F6F-A08A-23068297DCA8"}],"interactionStates":[{"uuid":"75077361-FDAE-4B5F-A628-C04D5BA717BC","name":"Base State","position":[10.530741571527145,4.841280880194262,139.2736688050584],"rotation":[0.4876601120084463,-0.40887556558729143,0.27774872829459807,"XYZ"],"scale":[0.9999999999999997,0.9999999999999998,1],"hiddenMatrix":[1,0,0,0,0,1,0,0,0,0,1,0,0,0,0,1],"geometry":{"width":185,"height":185,"depth":185},"material":{"layersList":[{"id":0,"type":"color","defines":{},"uniforms":{"f0_color":"6FEA34C6-ECDC-4F0C-A2BE-BE9BED93BD60","f0_alpha":"114B542D-577A-4E0B-9F40-AE2951559C8B","f0_mode":"7F0F801D-9E6C-46D9-BF01-A51B159255C9"}},{"id":1,"type":"light","defines":{},"uniforms":{"f1_alpha":"0A6E89D7-AEC5-4CC9-94A3-459493CB3897","f1_mode":"8172D343-3B79-4C4A-997F-10E4A2EE46FF","f1_emissive":"BC353DC5-3432-4920-AB00-26B3497A65B6"}}]}},{"uuid":"5879D7A9-A1DB-4CCE-A70B-12F340D2D91D","name":"State 1","position":[10.45505235619661,31.028131505201397,160.06512255956272],"rotation":[-1.8277054397596906,1.1329487881048776,2.317804116926056,"XYZ"],"scale":[1.0000000000000062,0.9999999999999998,1.0000000000000044],"hiddenMatrix":[1,0,0,0,0,1,0,0,0,0,1,0,0,0,0,1],"geometry":{"width":148,"height":148,"depth":148},"material":{"layersList":[{"id":0,"type":"color","defines":{},"uniforms":{"f0_color":"98D055A2-4B88-4F99-A0DA-C70BF26AE0EB","f0_alpha":"08928B33-4677-4C0E-8E82-D67AA9BEFA21","f0_mode":"DBA0F336-9F9F-48C7-8788-B6B594E6F238"}},{"id":1,"type":"light","defines":{},"uniforms":{"f1_alpha":"99DF8B41-CBA9-4F9F-A03D-126E836B3A33","f1_mode":"83891E9F-2F1E-47BB-A705-BBF0A7B7B998","f1_emissive":"36F3E4F3-5793-41C7-845C-9B3640F7AC51"}}]}}],"nodes":[{"uuid":"6FEA34C6-ECDC-4F0C-A2BE-BE9BED93BD60","type":"c","r":1,"g":0.6705882352941176,"b":0.08235294117647059,"value":16755477,"alpha":"EC009B8D-0743-486E-81D0-E7A39AF58C0D","nodeType":"Color"},{"uuid":"EC009B8D-0743-486E-81D0-E7A39AF58C0D","type":"f","value":1,"nodeType":"Float"},{"uuid":"114B542D-577A-4E0B-9F40-AE2951559C8B","type":"f","value":1,"nodeType":"Float"},{"uuid":"7F0F801D-9E6C-46D9-BF01-A51B159255C9","type":"i","value":0,"nodeType":"Int"},{"uuid":"0A6E89D7-AEC5-4CC9-94A3-459493CB3897","type":"f","value":1,"nodeType":"Float"},{"uuid":"8172D343-3B79-4C4A-997F-10E4A2EE46FF","type":"i","value":"3","nodeType":"Int"},{"uuid":"BC353DC5-3432-4920-AB00-26B3497A65B6","type":"c","r":0,"g":0,"b":0,"value":0,"nodeType":"Color"},{"uuid":"98D055A2-4B88-4F99-A0DA-C70BF26AE0EB","type":"c","r":1,"g":0.6705882352941176,"b":0.08235294117647059,"value":16755477,"alpha":"FECDA01F-DE32-419B-9968-C6A95903369E","nodeType":"Color"},{"uuid":"FECDA01F-DE32-419B-9968-C6A95903369E","type":"f","value":1,"nodeType":"Float"},{"uuid":"08928B33-4677-4C0E-8E82-D67AA9BEFA21","type":"f","value":1,"nodeType":"Float"},{"uuid":"DBA0F336-9F9F-48C7-8788-B6B594E6F238","type":"i","value":0,"nodeType":"Int"},{"uuid":"99DF8B41-CBA9-4F9F-A03D-126E836B3A33","type":"f","value":1,"nodeType":"Float"},{"uuid":"83891E9F-2F1E-47BB-A705-BBF0A7B7B998","type":"i","value":"3","nodeType":"Int"},{"uuid":"36F3E4F3-5793-41C7-845C-9B3640F7AC51","type":"c","r":0,"g":0,"b":0,"value":0,"nodeType":"Color"},{"uuid":"E753A617-C50A-449D-BDD0-0295810E4B48","type":"c","r":1,"g":0.6705882352941176,"b":0.08235294117647059,"value":16755477,"alpha":"AB4FB008-6212-4F71-ABC7-F3EF4EFFCA39","nodeType":"Color"},{"uuid":"AB4FB008-6212-4F71-ABC7-F3EF4EFFCA39","type":"f","value":1,"nodeType":"Float"},{"uuid":"59778349-6B82-48BE-A813-D823F655A166","type":"i","value":0,"nodeType":"Int"},{"uuid":"31318F89-6C08-4190-AEE2-602EC8F27BDA","type":"f","value":1,"nodeType":"Float"},{"uuid":"D623561F-A75A-4196-AF17-B73176613B1C","type":"i","value":"3","nodeType":"Int"},{"uuid":"3649FDF7-6060-4100-A6B4-21847C92008E","type":"c","r":0,"g":0,"b":0,"value":0,"nodeType":"Color"},{"uuid":"E8E80359-53A4-4F6F-A08A-23068297DCA8","type":"lambert","color":"E753A617-C50A-449D-BDD0-0295810E4B48","emissiveIntensity":"1647227F-1A1A-4D0A-95D4-6D3F33B6D92F","shadingAlpha":"31318F89-6C08-4190-AEE2-602EC8F27BDA","shadingBlend":"D623561F-A75A-4196-AF17-B73176613B1C","alpha":"B4939478-0A21-46F6-8177-2E4F0097DA39","emissive":"3649FDF7-6060-4100-A6B4-21847C92008E","nodeType":"Lambert"},{"uuid":"1647227F-1A1A-4D0A-95D4-6D3F33B6D92F","type":"f","value":1,"nodeType":"Float"},{"uuid":"B4939478-0A21-46F6-8177-2E4F0097DA39","type":"f","value":1,"nodeType":"Float"}],"frames":{"currentId":"default-frame-id","coords":[0,0],"frames":{"default-frame-id":{"id":"default-frame-id","name":"Frame","preset":"crop","size":[350,350],"coords":[0,0],"editorScale":1,"backgroundColor":{"r":247,"g":246,"b":244,"a":0},"color":{"r":0,"g":0,"b":0,"a":0.5},"guides":true,"hasSceneScaling":false,"sceneScale":1}}},"assets":{"materials":{}},"needsTransmission":false,"editor":{"orbitControls":{"useKeyEvents":false,"enableDamping":true,"enablePan":false,"enableZoom":false,"enableRotate":true,"rotationLimitsMode":0,"rotationVerticalOffset":{"min":1.5707963267948966,"max":1.5707963267948966},"rotationHorizontalOffset":{"min":1.5707963267948966,"max":1.5707963267948966},"autoRotate":false,"autoRotateSpeed":2,"autoRotateClockwise":true},"helperState":true,"publish":{"type":2,"web":{"logo":true}},"settings":{"wireframe":false,"helpers":true}}}